batch,batch_position,trace_id,scenario_id,role,unhandled_data_quality_or_record_inconsistency,missing_actionable_next_step,identifier_heavy_or_missing_item_context,unnecessary_detail_overload,missing_clarification_or_disambiguation,confusing_or_unsupported_answer,presentation_formatting_noise,unhandled_data_quality_or_record_inconsistency_evidence,missing_actionable_next_step_evidence,identifier_heavy_or_missing_item_context_evidence,unnecessary_detail_overload_evidence,missing_clarification_or_disambiguation_evidence,confusing_or_unsupported_answer_evidence,presentation_formatting_noise_evidence,fail_mode_count,failed_modes
part_b_batch_1,1,366acfa3511aa64e7f7e70303993289d,support-0145,support,Pass,Fail,Pass,Pass,Pass,Pass,Fail,,missing_actionable_reference: part_b_batch_1 note 02: calling policy name is not necessary. Add policy link as a reference.,,,,,presentation_formatting_noise: part_b_batch_1 note 01: no need to use ** marks. Noisy signs that makes it harder to read. Should use bold font instead.,2,missing_actionable_next_step;presentation_formatting_noise
part_b_batch_1,2,d2fdbbb39bb1aa2c13674d5e379037af,support-0027,shopper,Pass,Fail,Pass,Fail,Fail,Fail,Pass,,missing_actionable_reference: part_b_batch_1 note 07: add a link for the user which can help them to find their orders on their own account.,,unnecessary_detail_overload: part_b_batch_1 note 03: no need to give detail on the return policy if the item is not found\,"missing_clarification_or_disambiguation: part_b_batch_1 note 04: drop ""exact product name"" - product name should be enough\",confusing_or_contradictory_answer: part_b_batch_1 note 05: contradiction to what was said in the beginning of the conversation,,4,missing_actionable_next_step;unnecessary_detail_overload;missing_clarification_or_disambiguation;confusing_or_unsupported_answer
part_b_batch_1,3,016e3cc0f7504d6656aa564509d639ec,support-0131,support,Pass,Pass,Pass,Pass,Pass,Pass,Pass,,,,,,,,0,
part_b_batch_1,4,fe47fec4e03cf55aa5df32fc9268fb60,support-0217,support,Pass,Fail,Pass,Pass,Pass,Pass,Pass,,missing_actionable_reference: part_b_batch_1 note 11: send them to the relevant help center / policy article so that they can read and learn more,,,,,,1,missing_actionable_next_step
part_b_batch_1,5,379b97d2d2ab40d9f88dda2d9da2b217,support-0222,merchant,Pass,Fail,Pass,Pass,Pass,Fail,Pass,,missing_actionable_reference: part_b_batch_1 note 12: add a link for the policy line for the support to read,,,,"confusing_or_contradictory_answer: part_b_batch_1 note 13: confusing message, contradicting with what's asked and answered in other lines.",,2,missing_actionable_next_step;confusing_or_unsupported_answer
part_b_batch_1,6,3879d32468ca34fb9e43df6f162197a2,support-0165,support,Pass,Pass,Pass,Pass,Pass,Pass,Fail,,,,,,,presentation_formatting_noise: part_b_batch_1 note 14: no need to use ** marks. Noisy signs that makes it harder to read. Should use bold font instead.,1,presentation_formatting_noise
part_b_batch_1,7,a8d38a551dce6c17faa55af6d1704108,support-0241,merchant,Pass,Fail,Pass,Pass,Pass,Pass,Fail,,missing_actionable_reference: part_b_batch_1 note 16: add link to the policy or help center link the user can read.,,,,,presentation_formatting_noise: part_b_batch_1 note 15: no need to use ** marks. Noisy signs that makes it harder to read. Should use bold font instead. | part_b_batch_1 note 18: no need to use ** marks. Noisy signs that makes it harder to read. Should use bold font instead.,2,missing_actionable_next_step;presentation_formatting_noise
part_b_batch_1,8,4c5f4cc3afb3608ca1951bf339a987a5,support-0158,support,Pass,Fail,Pass,Pass,Pass,Pass,Fail,,missing_actionable_reference: part_b_batch_1 note 20: add a policy / help center article link the support user can refer to | part_b_batch_1 note 21: missing instruction - add a section how users can find their account settings or add a help center article page that guides users,,,,,presentation_formatting_noise: part_b_batch_1 note 19: no need to use ** marks. Noisy signs that makes it harder to read. Should use bold font instead.,2,missing_actionable_next_step;presentation_formatting_noise
part_b_batch_1,9,c8f92db31ccff89e08b51949908df3fe,support-0058,shopper,Pass,Pass,Pass,Pass,Fail,Pass,Pass,,,,,"missing_clarification_or_disambiguation: part_b_batch_1 note 22: use exact product name instead - users do not remember or know the order ids | part_b_batch_1 note 23: could have confirmed with the user first because user does not seem to remember what they order and when they had order it. After the confirmation, they can cancel/",,,1,missing_clarification_or_disambiguation
part_b_batch_1,10,39c29018745ef39229596313743c2e67,support-0166,support,Pass,Pass,Pass,Fail,Pass,Fail,Fail,,,,unnecessary_detail_overload: part_b_batch_1 note 26: no need to give product details as the user is asking about refund.,,confusing_or_contradictory_answer: part_b_batch_1 note 27: explain why it can not be refunded. Unclear message for the shopper\,presentation_formatting_noise: part_b_batch_1 note 25: no need to use ** marks. Noisy signs that makes it harder to read. Should use bold font instead.,3,unnecessary_detail_overload;confusing_or_unsupported_answer;presentation_formatting_noise
part_b_batch_1,11,08c47004530a13ea061e9f5390011b18,support-0079,merchant,Pass,Fail,Pass,Pass,Pass,Pass,Fail,,missing_actionable_reference: part_b_batch_1 note 30: send the merchant to an account setting link where they can see their recent store movements.,,,,,presentation_formatting_noise: part_b_batch_1 note 28: no need to use ** marks. Noisy signs that makes it harder to read. Should use bold font instead. | part_b_batch_1 note 29: bad formatting - need better table display,2,missing_actionable_next_step;presentation_formatting_noise
part_b_batch_1,12,eea73132c90033aedac645d2df31cfe4,support-0212,support,Pass,Pass,Pass,Pass,Pass,Pass,Fail,,,,,,,presentation_formatting_noise: part_b_batch_1 note 31: repetitive wording,1,presentation_formatting_noise
part_b_batch_1,13,376a003be2fb346b0a9817dc09a9c9fe,support-0246,shopper,Pass,Pass,Pass,Fail,Fail,Pass,Pass,,,,"unnecessary_detail_overload: part_b_batch_1 note 32: order id, status, refund details are all unnecessary and confusing details. Ask the user first what they need help with after confirming that their order has been located.","missing_clarification_or_disambiguation: part_b_batch_1 note 32: order id, status, refund details are all unnecessary and confusing details. Ask the user first what they need help with after confirming that their order has been located.",,,2,unnecessary_detail_overload;missing_clarification_or_disambiguation
part_b_batch_1,14,03293b341bd64bcbd20d10ec41865ae9,support-0171,support,Pass,Pass,Pass,Fail,Pass,Fail,Fail,,,,unnecessary_detail_overload: part_b_batch_1 note 34: explain why it was not refunded. No detauls are needed except the refund status and why it can not be refunded.,,confusing_or_contradictory_answer: part_b_batch_1 note 35: confusing answer - checking refund status and refund eligibility in the same query is confusing.,presentation_formatting_noise: part_b_batch_1 note 33: no need to use ** marks. Noisy signs that makes it harder to read. Should use bold font instead.,3,unnecessary_detail_overload;confusing_or_unsupported_answer;presentation_formatting_noise
part_b_batch_1,15,6396cf5a49521d14eca5298573dda90b,support-0076,merchant,Pass,Fail,Pass,Pass,Pass,Pass,Fail,,missing_actionable_reference: part_b_batch_1 note 38: send the merchant to an account setting link where they can see their recent store movements.\,,,,,presentation_formatting_noise: part_b_batch_1 note 36: no need to use ** marks. Noisy signs that makes it harder to read. Should use bold font instead. | part_b_batch_1 note 37: bad formatting - need better table display,2,missing_actionable_next_step;presentation_formatting_noise
part_b_batch_1,16,9ccf8cffd0d78254b85a7a1023980429,support-0234,shopper,Pass,Pass,Pass,Pass,Pass,Pass,Pass,,,,,,,,0,
part_b_batch_1,17,e75ac79481909be1b048b94f3df5b60b,support-0113,merchant,Pass,Fail,Pass,Fail,Pass,Pass,Pass,,missing_actionable_reference: part_b_batch_1 note 42: send them to the relevant help center / policy article so that they can read and learn more,,unnecessary_detail_overload: part_b_batch_1 note 43: too much data - this direct response can be put upfront,,,,2,missing_actionable_next_step;unnecessary_detail_overload
part_b_batch_1,18,711f10764478d49b30f0fe3a15317649,support-0190,shopper,Pass,Fail,Pass,Fail,Fail,Pass,Fail,,missing_actionable_reference: part_b_batch_1 note 46: send user to their recent order link if they want to self-validate.,,"unnecessary_detail_overload: part_b_batch_1 note 44: unnecessary confirmation | part_b_batch_1 note 48: too much information. the real ask is about the store, not the product exactly.",missing_clarification_or_disambiguation: part_b_batch_1 note 45: agent making assumptions and guiding the user through a bumpy road,,presentation_formatting_noise: part_b_batch_1 note 47: no need to use ** marks. Noisy signs that makes it harder to read. Should use bold font instead.,4,missing_actionable_next_step;unnecessary_detail_overload;missing_clarification_or_disambiguation;presentation_formatting_noise
part_b_batch_1,19,c7c918336747a818730e6bf1ca3506fc,support-0009,shopper,Pass,Fail,Pass,Fail,Pass,Fail,Pass,,missing_actionable_reference: part_b_batch_1 note 49: add a link for the user which can help them to find their orders on their own accou\nt.,,unnecessary_detail_overload: part_b_batch_1 note 50: order id is unnecessary detail,,confusing_or_contradictory_answer: part_b_batch_1 note 51: confusing message - less clear.,,3,missing_actionable_next_step;unnecessary_detail_overload;confusing_or_unsupported_answer
part_b_batch_1,20,4eb3bf043f6b4d5013a4e0d5fdd0464e,support-0094,merchant,Pass,Pass,Pass,Pass,Pass,Fail,Pass,,,,,,confusing_or_contradictory_answer: part_b_batch_1 note 52: unclear message - full refund vs partial refund,,1,confusing_or_unsupported_answer
part_b_batch_1,21,4970b9c3abfadd21f6a5db83f791506a,support-0129,support,Pass,Pass,Pass,Pass,Pass,Pass,Fail,,,,,,,presentation_formatting_noise: part_b_batch_1 note 53: no need to use ** marks. Noisy signs that makes it harder to read. Should use bold font instead.,1,presentation_formatting_noise
part_b_batch_1,22,e9f48e6de3778a6f7d5356943df48268,support-0226,merchant,Pass,Pass,Pass,Fail,Pass,Pass,Fail,,,,unnecessary_detail_overload: part_b_batch_1 note 55: unnecessary data,,,presentation_formatting_noise: part_b_batch_1 note 54: no need to use ** marks. Noisy signs that makes it harder to read. Should use bold font instead.,2,unnecessary_detail_overload;presentation_formatting_noise
part_b_batch_1,23,6d1fe5cbffc957525774784137281ada,support-0201,merchant,Pass,Pass,Pass,Pass,Fail,Fail,Fail,,,,,missing_clarification_or_disambiguation: part_b_batch_1 note 58: no clarification made about next steps and help offered to fix the problem,confusing_or_contradictory_answer: part_b_batch_1 note 57: add additional details why missing product details could be bad,presentation_formatting_noise: part_b_batch_1 note 56: no need to use ** marks. Noisy signs that makes it harder to read. Should use bold font instead.,3,missing_clarification_or_disambiguation;confusing_or_unsupported_answer;presentation_formatting_noise
part_b_batch_1,24,9f2ca35491d1cebb8777dd5643bfec5e,support-0202,shopper,Pass,Fail,Pass,Fail,Fail,Fail,Fail,,missing_actionable_reference: part_b_batch_1 note 59: add a link for the user which can help them to find their orders on their own account.,,unnecessary_detail_overload: part_b_batch_1 note 61: too much information,missing_clarification_or_disambiguation: part_b_batch_1 note 60: making assumptions,"unsupported_or_invented_refund_option: part_b_batch_1 note 64: human escalation is needed - the agent is unsure, should not invent rules.",presentation_formatting_noise: part_b_batch_1 note 63: no need to use ** marks. Noisy signs that makes it harder to read. Should use bold font instead.,5,missing_actionable_next_step;unnecessary_detail_overload;missing_clarification_or_disambiguation;confusing_or_unsupported_answer;presentation_formatting_noise
part_b_batch_1,25,af367466feb718768b14045b02bbd7b0,support-0052,shopper,Pass,Pass,Pass,Fail,Fail,Pass,Pass,,,,unnecessary_detail_overload: part_b_batch_1 note 65: order id is unnecessary detail,"missing_clarification_or_disambiguation: part_b_batch_1 note 66: could have confirmed with the user first because user does not seem to remember what they order and when they had order it. After the confirmation, they can cancel/",,,2,unnecessary_detail_overload;missing_clarification_or_disambiguation
part_b_batch_1,26,744d9f6a8a47ae71e1f5821621f06e6e,support-0008,shopper,Pass,Fail,Pass,Fail,Fail,Fail,Fail,,missing_actionable_reference: part_b_batch_1 note 71: add a link for the user which can help them to find their orders on their own account.,,unnecessary_detail_overload: part_b_batch_1 note 68: order id is unnecessary detail,missing_clarification_or_disambiguation: part_b_batch_1 note 70: should have listed closest match to what user asked and ask them to confirm,"confusing_or_contradictory_answer: part_b_batch_1 note 67: confusing message, contradicting with what's asked and answered in other lines.",presentation_formatting_noise: part_b_batch_1 note 69: no need to use ** marks. Noisy signs that makes it harder to read. Should use bold font instead.,5,missing_actionable_next_step;unnecessary_detail_overload;missing_clarification_or_disambiguation;confusing_or_unsupported_answer;presentation_formatting_noise
part_b_batch_1,27,e3e7e2776ea3196de7acdca7d450bbc0,support-0177,support,Pass,Fail,Pass,Fail,Pass,Pass,Fail,,missing_actionable_reference: part_b_batch_1 note 74: send them to the relevant help center / policy article so that they can read and learn more,,unnecessary_detail_overload: part_b_batch_1 note 73: unnecessary action,,,presentation_formatting_noise: part_b_batch_1 note 75: no need to use ** marks. Noisy signs that makes it harder to read. Should use bold font instead.,3,missing_actionable_next_step;unnecessary_detail_overload;presentation_formatting_noise
part_b_batch_1,28,c48547e6341ce5472616c70a2412646d,support-0157,support,Pass,Fail,Pass,Pass,Pass,Pass,Fail,,missing_actionable_reference: part_b_batch_1 note 77: add a link for the policy line for the support to read | part_b_batch_1 note 78: add a policy / help center article link the support user can refer to in their comms with the user,,,,,presentation_formatting_noise: part_b_batch_1 note 76: no need to use ** marks. Noisy signs that makes it harder to read. Should use bold font instead.,2,missing_actionable_next_step;presentation_formatting_noise
part_b_batch_1,29,4d5f7611cdb1aeec2fde1580ed151132,support-0203,support,Pass,Fail,Pass,Pass,Pass,Pass,Fail,,missing_human_review_followup_path: part_b_batch_1 note 80: offer a channel between support and the merchant because it's missing data. Support and Merchant should clarify this.,,,,,presentation_formatting_noise: part_b_batch_1 note 79: no need to use ** marks. Noisy signs that makes it harder to read. Should use bold font instead.,2,missing_actionable_next_step;presentation_formatting_noise
part_b_batch_1,30,2a58d59844efc14cfc1f5a8fb2489d74,support-0213,support,Pass,Pass,Pass,Pass,Pass,Fail,Fail,,,,,,confusing_or_contradictory_answer: part_b_batch_1 note 82: confusing answer - checking refund status and refund eligibility in the same query is confusing.,presentation_formatting_noise: part_b_batch_1 note 81: no need to use ** marks. Noisy signs that makes it harder to read. Should use bold font instead.,2,confusing_or_unsupported_answer;presentation_formatting_noise
part_b_batch_2,1,392712f2cb2999c90b6f90c06d69b360,support-0071,merchant,Pass,Fail,Pass,Pass,Pass,Pass,Fail,,missing_actionable_reference: part_b_batch_2 note 02: add a link for the merchant where they can see their store details,,,,,presentation_formatting_noise: part_b_batch_2 note 01: bad formatting - need better table display,2,missing_actionable_next_step;presentation_formatting_noise
part_b_batch_2,2,202139c415cd79aa65aff53cb6814c9a,support-0077,merchant,Pass,Fail,Pass,Pass,Fail,Pass,Fail,,missing_actionable_reference: part_b_batch_2 note 05: add a link for the merchant where they can see their store details,,,missing_clarification_or_disambiguation: part_b_batch_2 note 03: ambiguity - how recent is that? the agent should say which dates it decided to cover for the merchant.,,presentation_formatting_noise: part_b_batch_2 note 04: bad formatting - need better table display,3,missing_actionable_next_step;missing_clarification_or_disambiguation;presentation_formatting_noise
part_b_batch_2,3,d7ee1d31861ebeb94ab86f38f535245a,support-0080,merchant,Pass,Fail,Pass,Pass,Fail,Pass,Fail,,missing_actionable_reference: part_b_batch_2 note 07: add a link for the merchant where they can see their store details,,,missing_clarification_or_disambiguation: part_b_batch_2 note 06: ambiguity - how recent is that? the agent should say which dates it decided to cover for the merchant.,,presentation_formatting_noise: part_b_batch_2 note 08: bad formatting - need better table display,3,missing_actionable_next_step;missing_clarification_or_disambiguation;presentation_formatting_noise
part_b_batch_2,4,d2885fe8f25ec0e4dad15f9e8b39e0fb,support-0097,merchant,Pass,Pass,Pass,Pass,Pass,Fail,Pass,,,,,,unsupported_or_invented_refund_option: part_b_batch_2 note 09: inventing rules - no partial vs full refund rules\ | part_b_batch_2 note 10: no tool calls indicating that there is a partial vs full refund option,,1,confusing_or_unsupported_answer
part_b_batch_2,5,905a5619a856cb3de0c8b5fe1378cea2,support-0104,merchant,Pass,Pass,Pass,Fail,Pass,Fail,Pass,,,,unnecessary_detail_overload: part_b_batch_2 note 11: unnecessary data and information | part_b_batch_2 note 12: too much information | part_b_batch_2 note 14: too much information,,confusing_or_contradictory_answer: part_b_batch_2 note 13: confusing answer - restocking fee is covered in policy but here we talk about exceptions.,,2,unnecessary_detail_overload;confusing_or_unsupported_answer
part_b_batch_2,6,ab94406ad046b4d85ddd7b2cfb694b7d,support-0120,merchant,Pass,Pass,Pass,Pass,Pass,Pass,Pass,,,,,,,,0,
part_b_batch_2,7,3c151d9acac3006bcc342650fa357f33,support-0123,merchant,Pass,Fail,Pass,Pass,Pass,Pass,Pass,,missing_actionable_reference: part_b_batch_2 note 16: add a link for the merchant where they can see their store details,,,,,,1,missing_actionable_next_step
part_b_batch_2,8,31a1f4c60f841e8d276e17f53338c9c5,support-0188,merchant,Fail,Pass,Pass,Pass,Pass,Pass,Pass,"unhandled_data_quality_or_record_inconsistency: part_b_batch_2 note 17: The agent says order 8003 looks clean, but the scenario is a store-mismatch data-quality case: the order is tied to store 1 while product 553 belongs to store 14. The agent did not detect or escalate the inconsistent record.",,,,,,,1,unhandled_data_quality_or_record_inconsistency
part_b_batch_2,9,241fd269bffd30d6bb09763f41c5b945,support-0191,merchant,Pass,Fail,Pass,Pass,Fail,Pass,Pass,,missing_actionable_reference: part_b_batch_2 note 18: add a link for the merchant where they can see their store details,,,missing_clarification_or_disambiguation: part_b_batch_2 note 19: add a follow up to the merchant which product id they need further informatuon on. Lacking clarity that can be made by the agent,,,2,missing_actionable_next_step;missing_clarification_or_disambiguation
part_b_batch_2,10,6b0f8edadbf3c111c80f46baa8896fd2,support-0200,merchant,Fail,Pass,Pass,Pass,Pass,Pass,Fail,"unhandled_data_quality_or_record_inconsistency: part_b_batch_2 note 20: incorrect amount, fatal mistake",,,,,,presentation_formatting_noise: part_b_batch_2 note 22: no need to use ** marks. Noisy signs that makes it harder to read. Should use bold font instead.,2,unhandled_data_quality_or_record_inconsistency;presentation_formatting_noise
part_b_batch_2,11,722a3e707c0ad7ef7cd3c749097a1207,support-0002,shopper,Pass,Fail,Fail,Pass,Pass,Fail,Fail,,missing_actionable_reference: part_b_batch_2 note 26: add a link for the user which can help them to find their orders on their own account.,identifier_heavy_or_missing_item_context: part_b_batch_2 note 23: add which user id order the order id. | part_b_batch_2 note 24: add prodcut name to the list,,,confusing_or_contradictory_answer: part_b_batch_2 note 27: unclear support - the user's ask for help does not seem to be answered. We listed the order and it look delivered - but the user still asking.,presentation_formatting_noise: part_b_batch_2 note 25: no need to use ** marks. Noisy signs that makes it harder to read. Should use bold font instead.,4,missing_actionable_next_step;identifier_heavy_or_missing_item_context;confusing_or_unsupported_answer;presentation_formatting_noise
part_b_batch_2,12,5ae9d430b85f988b4a42a382374e8fec,support-0005,shopper,Pass,Fail,Fail,Pass,Fail,Pass,Fail,,missing_actionable_reference: part_b_batch_2 note 29: send user to their recent order link if they want to self-validate.,identifier_heavy_or_missing_item_context: part_b_batch_2 note 28: unclear message for the user - user does not know the order ids. | part_b_batch_2 note 30: add product name rather than order id - unclear data for user,,missing_clarification_or_disambiguation: part_b_batch_2 note 31: ambiguous wording - likely | part_b_batch_2 note 33: ambiguous language - orders close to but gives exact dates below,,presentation_formatting_noise: part_b_batch_2 note 32: no need to use ** marks. Noisy signs that makes it harder to read. Should use bold font instead.,4,missing_actionable_next_step;identifier_heavy_or_missing_item_context;missing_clarification_or_disambiguation;presentation_formatting_noise
part_b_batch_2,13,f6cb5d8760f9c08603caf657f9531bd7,support-0016,shopper,Pass,Fail,Fail,Fail,Pass,Pass,Fail,,missing_actionable_reference: part_b_batch_2 note 36: send user to their recent order link if they want to self-validate.,identifier_heavy_or_missing_item_context: part_b_batch_2 note 35: unhelpful ask - users do not remember order ids.,unnecessary_detail_overload: part_b_batch_2 note 34: unnecessary information - user is asking for phone charger,,,presentation_formatting_noise: part_b_batch_2 note 37: no need to use ** marks. Noisy signs that makes it harder to read. Should use bold font instead.,4,missing_actionable_next_step;identifier_heavy_or_missing_item_context;unnecessary_detail_overload;presentation_formatting_noise
part_b_batch_2,14,d3ecfb30a645f96ce5c354ae2b763dd3,support-0025,shopper,Pass,Fail,Fail,Pass,Fail,Pass,Pass,,missing_actionable_reference: part_b_batch_2 note 39: send them a link where they can track progress of their refund.,identifier_heavy_or_missing_item_context: part_b_batch_2 note 38: users do not need refund id and order id | part_b_batch_2 note 41: add exact product name to the details to clarify the ambiguity,,missing_clarification_or_disambiguation: part_b_batch_2 note 40: confirm with the user first as they do not seem to remember the product they want a refund for.,,,3,missing_actionable_next_step;identifier_heavy_or_missing_item_context;missing_clarification_or_disambiguation
part_b_batch_2,15,7a288dcc0ebdd8202bc6625ffc899a1f,support-0043,shopper,Pass,Pass,Fail,Fail,Pass,Pass,Fail,,,identifier_heavy_or_missing_item_context: part_b_batch_2 note 43: order id is unnecessary detail,"unnecessary_detail_overload: part_b_batch_2 note 44: too much information - real ask is about returning the product they bought and get help, not policiy specific details. | part_b_batch_2 note 45: too much information about policy details - use policy link instead. | part_b_batch_2 note 46: support ticket id is not helpful for the user. too much data",,,presentation_formatting_noise: part_b_batch_2 note 42: no need to use ** marks. Noisy signs that makes it harder to read. Should use bold font instead.,3,identifier_heavy_or_missing_item_context;unnecessary_detail_overload;presentation_formatting_noise
part_b_batch_2,16,e2c653d360400c4134d7770bd5aaaac8,support-0044,shopper,Pass,Fail,Pass,Fail,Fail,Pass,Fail,,missing_actionable_reference: part_b_batch_2 note 49: send user to their recent order link if they want to self-validate.,,unnecessary_detail_overload: part_b_batch_2 note 50: too much informatuon about policy details.,missing_clarification_or_disambiguation: part_b_batch_2 note 47: agent using ambiguous language - creates confusion,,presentation_formatting_noise: part_b_batch_2 note 48: no need to use ** marks. Noisy signs that makes it harder to read. Should use bold font instead.,4,missing_actionable_next_step;unnecessary_detail_overload;missing_clarification_or_disambiguation;presentation_formatting_noise
part_b_batch_2,17,fa6bf0e0a85f6de2bb94eb2a1b7106e8,support-0045,shopper,Pass,Fail,Pass,Fail,Fail,Fail,Pass,,missing_actionable_reference: part_b_batch_2 note 52: send user to their recent order link if they want to self-validate.,,unnecessary_detail_overload: part_b_batch_2 note 53: too much information,missing_clarification_or_disambiguation: part_b_batch_2 note 54: ask user for clarification and approval before jumping directly into the refund - maybe the user is remembering a different product they bought from somewhere else.,confusing_or_contradictory_answer: part_b_batch_2 note 51: confusing language which may panic the user.,,4,missing_actionable_next_step;unnecessary_detail_overload;missing_clarification_or_disambiguation;confusing_or_unsupported_answer
part_b_batch_2,18,b33faa6800728f347de5d4136d8067bc,support-0057,shopper,Pass,Pass,Pass,Pass,Fail,Pass,Pass,,,,,missing_clarification_or_disambiguation: part_b_batch_2 note 55: ask user for approval about the product they want to cancel first. which bag is the user talking about is not clear.,,,1,missing_clarification_or_disambiguation
part_b_batch_2,19,bbccf32f3db0f084963242d726d83fe6,support-0195,shopper,Pass,Pass,Fail,Pass,Pass,Pass,Fail,,,identifier_heavy_or_missing_item_context: part_b_batch_2 note 57: product ids are not needed | part_b_batch_2 note 58: irrelevant information - show visual data to the user instead of prices and product ids. users do not remember product ids.,,,,presentation_formatting_noise: part_b_batch_2 note 56: no need to use ** marks. Noisy signs that makes it harder to read. Should use bold font instead.,2,identifier_heavy_or_missing_item_context;presentation_formatting_noise
part_b_batch_2,20,818e66d637558541d120e98a8137927c,support-0235,shopper,Pass,Pass,Pass,Pass,Pass,Pass,Pass,,,,,,,,0,
part_b_batch_2,21,74da08cdd0866eacf95330dd752b8e3e,support-0134,support,Pass,Pass,Pass,Pass,Pass,Pass,Pass,,,,,,,,0,
part_b_batch_2,22,1910c11d4de81a7b45ba542880435b83,support-0136,support,Pass,Pass,Pass,Pass,Pass,Pass,Pass,,,,,,,,0,
part_b_batch_2,23,522b125e9d00f15c2d0c7d126dbbd648,support-0137,support,Pass,Pass,Pass,Pass,Pass,Pass,Pass,,,,,,,,0,
part_b_batch_2,24,db755472a70eadcd4752cd008d72b302,support-0154,support,Pass,Pass,Pass,Fail,Pass,Pass,Fail,,,,unnecessary_detail_overload: part_b_batch_2 note 64: internal policy documents and names do not need to be exposed. too much and irrelevant information | part_b_batch_2 note 65: unnecessary data - user is only asking for the duration of post-delivery dispute,,,presentation_formatting_noise: part_b_batch_2 note 63: no need to use ** marks. Noisy signs that makes it harder to read. Should use bold font instead.,2,unnecessary_detail_overload;presentation_formatting_noise
part_b_batch_2,25,e3d93b15ba9f920783188e4cea85b5ca,support-0159,support,Pass,Fail,Pass,Fail,Fail,Fail,Fail,,missing_actionable_reference: part_b_batch_2 note 68: add a policy / help center article link the support user can refer to,,unnecessary_detail_overload: part_b_batch_2 note 66: unnecessary data | part_b_batch_2 note 70: too much information - we do not need to pass internal policy names there as they are not helpful.,"missing_clarification_or_disambiguation: part_b_batch_2 note 67: ambiguous subject, language - your vs customer's","confusing_or_contradictory_answer: part_b_batch_2 note 71: ambiguity and contradiction - account settings host the account changes but also escalte to a human, creates confusion for the support user.",presentation_formatting_noise: part_b_batch_2 note 69: no need to use ** marks. Noisy signs that makes it harder to read. Should use bold font instead.,5,missing_actionable_next_step;unnecessary_detail_overload;missing_clarification_or_disambiguation;confusing_or_unsupported_answer;presentation_formatting_noise
part_b_batch_2,26,fe06cd1306890e4414a291780b343080,support-0163,support,Pass,Pass,Pass,Pass,Fail,Pass,Pass,,,,,missing_clarification_or_disambiguation: part_b_batch_2 note 72: agent making assumptions that it's AI Agent support. SHould have clarified with the user first.,,,1,missing_clarification_or_disambiguation
part_b_batch_2,27,ac7b075ca1133a019dfbc48f955c9d03,support-0164,support,Pass,Pass,Pass,Pass,Pass,Pass,Fail,,,,,,,presentation_formatting_noise: part_b_batch_2 note 74: no need to use ** marks. Noisy signs that makes it harder to read. Should use bold font instead. | part_b_batch_2 note 75: no need to use ** marks. Noisy signs that makes it harder to read. Should use bold font instead.,1,presentation_formatting_noise
part_b_batch_2,28,f99502a3130847a3f6548b8565534922,support-0168,support,Pass,Pass,Pass,Pass,Pass,Pass,Fail,,,,,,,presentation_formatting_noise: part_b_batch_2 note 76: no need to use ** marks. Noisy signs that makes it harder to read. Should use bold font instead.,1,presentation_formatting_noise
part_b_batch_2,29,acaf262efa53b6cddbcaa836ae1ca6e9,support-0186,support,Fail,Pass,Pass,Pass,Pass,Pass,Pass,"unhandled_data_quality_or_record_inconsistency: part_b_batch_2 note 77: The agent says order 8003’s store information looks normal, but the order is tied to store 1 while product 553 belongs to store 14. It missed the data-quality store mismatch and did not escalate the inconsistent record.",,,,,,,1,unhandled_data_quality_or_record_inconsistency
part_b_batch_2,30,5023b152407f12c113be0006e2ca0315,support-0240,support,Pass,Fail,Pass,Fail,Pass,Pass,Fail,,missing_actionable_reference: part_b_batch_2 note 79: add a policy / help center article link the support user can refer to,,unnecessary_detail_overload: part_b_batch_2 note 80: no need to add this extra detail,,,presentation_formatting_noise: part_b_batch_2 note 81: no need to use ** marks. Noisy signs that makes it harder to read. Should use bold font instead.,3,missing_actionable_next_step;unnecessary_detail_overload;presentation_formatting_noise
part_b_batch_3,1,483a07d37cfdb9e8e0bcf17f3050e16f,support-0189,support,Fail,Pass,Pass,Pass,Pass,Pass,Pass,"unhandled_data_quality_or_record_inconsistency: part_b_batch_3 note 01: overly confident when the answer is false - Order #8003 is tied to store 1 (Blue Heron Ceramics), but product 553 belongs to store 14 (Golden Hour Coffee).",,,,,,,1,unhandled_data_quality_or_record_inconsistency
part_b_batch_3,2,e2a0a77813a5b9277c1788dfd7722bb1,support-0187,shopper,Fail,Pass,Pass,Pass,Pass,Pass,Pass,unhandled_data_quality_or_record_inconsistency: part_b_batch_3 note 02: overly confident when the answer is false. | part_b_batch_3 note 03: escalating path to human agent is missing - the broken records needs fixing.,,,,,,,1,unhandled_data_quality_or_record_inconsistency
part_b_batch_3,3,714fbe9bedbfd275e6539b165de3d60b,support-0181,support,Pass,Pass,Pass,Pass,Pass,Pass,Fail,,,,,,,presentation_formatting_noise: part_b_batch_3 note 04: no need to use ** marks. Noisy signs that makes it harder to read. Should use bold font instead.,1,presentation_formatting_noise
part_b_batch_3,4,94671b82200254e8e6b773d106cec477,support-0183,merchant,Fail,Pass,Pass,Pass,Pass,Pass,Pass,unhandled_data_quality_or_record_inconsistency: part_b_batch_3 note 05: incorrectly confident even though the case should have been flagged to a human for further investigation. Agent needs to be more vary about the incosistencies,,,,,,,1,unhandled_data_quality_or_record_inconsistency
part_b_batch_3,5,309ebfbc9689dca92e3a7c7b6a9f5670,support-0180,support,Pass,Pass,Pass,Fail,Pass,Pass,Pass,,,,unnecessary_detail_overload: part_b_batch_3 note 07: do not need call out the opposite - already clarified the conditions in the previous sentence,,,,1,unnecessary_detail_overload
part_b_batch_3,6,2eab0e9c080fd6b62c423857082c3afe,support-0199,shopper,Fail,Pass,Pass,Pass,Pass,Pass,Pass,unhandled_data_quality_or_record_inconsistency: part_b_batch_3 note 08: fatal mistake -> missing data problem and ignoring it completely - should have escalated this to a human agent.,,,,,,,1,unhandled_data_quality_or_record_inconsistency
part_b_batch_3,7,6e0857b411210dd228ca6cc0ba8ee42e,support-0198,support,Pass,Pass,Pass,Pass,Pass,Pass,Fail,,,,,,,presentation_formatting_noise: part_b_batch_3 note 09: no need to use ** marks. Noisy signs that makes it harder to read. Should use bold font instead.,1,presentation_formatting_noise
part_b_batch_3,8,3eb872501faea4390f6b4ae6ec61435f,support-0205,shopper,Pass,Pass,Pass,Fail,Pass,Fail,Pass,,,,unnecessary_detail_overload: part_b_batch_3 note 11: no need to share the ticket id with the user as they do not need it.,,confusing_or_contradictory_answer: part_b_batch_3 note 10: inventing an irrelevant entry - confusing data for the user,,2,unnecessary_detail_overload;confusing_or_unsupported_answer
part_b_batch_3,9,0c8b63933204e67483d89ba01e5eb68f,support-0204,merchant,Fail,Pass,Pass,Pass,Fail,Pass,Pass,unhandled_data_quality_or_record_inconsistency: part_b_batch_3 note 12: no flag for the missing data to the merchant. Agent ignores the problem completely.,,,,missing_clarification_or_disambiguation: part_b_batch_3 note 13: vague language - appears to be vs is,,,2,unhandled_data_quality_or_record_inconsistency;missing_clarification_or_disambiguation
part_b_batch_3,10,b7e6e9a02d897418212ee3d32640d941,support-0194,merchant,Fail,Pass,Pass,Pass,Pass,Pass,Fail,unhandled_data_quality_or_record_inconsistency: part_b_batch_3 note 15: flag same name issue - duplicates. `agent ignores that,,,,,,presentation_formatting_noise: part_b_batch_3 note 14: bad formatting - need better table display,2,unhandled_data_quality_or_record_inconsistency;presentation_formatting_noise
part_b_batch_3,11,d7f49dd47c67a8050ac129fa3a7c3046,support-0193,support,Pass,Pass,Fail,Pass,Fail,Pass,Pass,,,identifier_heavy_or_missing_item_context: part_b_batch_3 note 16: price listings without product names and product links is ambiguous.,,missing_clarification_or_disambiguation: part_b_batch_3 note 17: unhelpful - support user could provide the list to get confirmation.,,,2,identifier_heavy_or_missing_item_context;missing_clarification_or_disambiguation
part_b_batch_3,12,b070b0ef604e506c9987e37eed52566a,support-0192,shopper,Pass,Fail,Fail,Pass,Pass,Pass,Pass,,"missing_actionable_reference: part_b_batch_3 note 18: send a link to the user with their ""viewed items""","identifier_heavy_or_missing_item_context: part_b_batch_3 note 19: unhelpful and not clear - send product links, images together with the price data.",,,,,2,missing_actionable_next_step;identifier_heavy_or_missing_item_context
part_b_batch_3,13,83164a4efc01ed104438919841ff9199,support-0086,merchant,Pass,Fail,Pass,Pass,Pass,Fail,Pass,,missing_human_review_followup_path: part_b_batch_3 note 21: no escalation is being called as human agent involvement is needed.,,,,unsupported_or_invented_refund_option: part_b_batch_3 note 20: partial refund or full refund are not separate options. agent seems to invent rules.,,2,missing_actionable_next_step;confusing_or_unsupported_answer
part_b_batch_3,14,e1599c9c9c67ce20187cc5b58411d2cf,support-0098,merchant,Pass,Fail,Pass,Pass,Pass,Fail,Pass,,missing_human_review_followup_path: part_b_batch_3 note 23: human escalation path is not called,,,,unsupported_or_invented_refund_option: part_b_batch_3 note 22: refund options are non-existent - inventing options.,,2,missing_actionable_next_step;confusing_or_unsupported_answer
part_b_batch_3,15,ef201978c660e9b3b8f56fd249675941,support-0095,merchant,Pass,Fail,Pass,Pass,Pass,Pass,Fail,,"missing_human_review_followup_path: part_b_batch_3 note 25: follow up is not clarified - where and how, unclear guidance that creates confusion.",,,,,presentation_formatting_noise: part_b_batch_3 note 24: no need to use ** marks. Noisy signs that makes it harder to read. Should use bold font instead.,2,missing_actionable_next_step;presentation_formatting_noise
part_b_batch_3,16,77b1ffab2763d78d774327fc10967f1d,support-0092,merchant,Pass,Pass,Pass,Fail,Pass,Pass,Pass,,,,unnecessary_detail_overload: part_b_batch_3 note 26: no need to call out specific status about auto-approvals,,,,1,unnecessary_detail_overload
part_b_batch_3,17,c7510a8f54af106b96b2856c00273e5f,support-0039,shopper,Pass,Fail,Pass,Fail,Fail,Fail,Fail,,missing_actionable_reference: part_b_batch_3 note 29: add a link for the user which can help them to find their orders on their own account.,,unnecessary_detail_overload: part_b_batch_3 note 30: too much information - refund request id is not needed | part_b_batch_3 note 31: too much information - support ticket id is not relevant | part_b_batch_3 note 32: too much information about policies.,missing_clarification_or_disambiguation: part_b_batch_3 note 27: making assumptions - needs clarity to understand what needs to be refunde first. agent is too quick to decide.,confusing_or_contradictory_answer: part_b_batch_3 note 33: contradicting and confusing data - marked refund-eligible and then human follow up in 24 hrs is confusing,presentation_formatting_noise: part_b_batch_3 note 28: no need to use ** marks. Noisy signs that makes it harder to read. Should use bold font instead.,5,missing_actionable_next_step;unnecessary_detail_overload;missing_clarification_or_disambiguation;confusing_or_unsupported_answer;presentation_formatting_noise
part_b_batch_3,18,f546444044510518456a2afa5e67481f,support-0026,shopper,Pass,Fail,Fail,Fail,Fail,Fail,Pass,,missing_actionable_reference: part_b_batch_3 note 35: send user to their recent order link if they want to self-validate. | part_b_batch_3 note 36: certainty is missing - send user to return policy page to get full confirmation.,"identifier_heavy_or_missing_item_context: part_b_batch_3 note 38: order id is unnecessary detail | part_b_batch_3 note 40: should have listed the exact product name - product name is there, instead of product ids and order ids","unnecessary_detail_overload: part_b_batch_3 note 37: too much information - policy names do not need to be called out. | part_b_batch_3 note 39: too much data, user is only asking aboiut cards and we unload data about all the orders. Irrelevant and confusing data for the user",missing_clarification_or_disambiguation: part_b_batch_3 note 34: too confident - I can help but then adding bombardment of information that confuses the user further.,confusing_or_contradictory_answer: part_b_batch_3 note 41: lacking matching capability - Woven Card Game is the name of the product. Confusing data for the user,,5,missing_actionable_next_step;identifier_heavy_or_missing_item_context;unnecessary_detail_overload;missing_clarification_or_disambiguation;confusing_or_unsupported_answer
part_b_batch_3,19,08b10fed6ad100ae9fe9293d229521e4,support-0247,shopper,Pass,Fail,Fail,Pass,Fail,Pass,Pass,,missing_actionable_reference: part_b_batch_3 note 43: send user to their recent order link if they want to self-validate.,identifier_heavy_or_missing_item_context: part_b_batch_3 note 42: order id is unnecessary detail | part_b_batch_3 note 46: irrelevant data - users do not remember order 323 | part_b_batch_3 note 47: missing product name in the order summary,,missing_clarification_or_disambiguation: part_b_batch_3 note 44: confusing message - likely the plate set is not clear enougnt for the user | part_b_batch_3 note 45: agent making assumptions and guiding the user through a bumpy road,,,3,missing_actionable_next_step;identifier_heavy_or_missing_item_context;missing_clarification_or_disambiguation
part_b_batch_3,20,26a5acb6094f57f898de43da211b84e7,support-0250,shopper,Pass,Fail,Fail,Pass,Fail,Pass,Fail,,missing_actionable_reference: part_b_batch_3 note 50: add a link for the user which can help them to find their orders on their own account.,identifier_heavy_or_missing_item_context: part_b_batch_3 note 48: order id is unnecessary detail,,"missing_clarification_or_disambiguation: part_b_batch_3 note 49: vague language - ""looks like""",,presentation_formatting_noise: part_b_batch_3 note 51: no need to use ** marks. Noisy signs that makes it harder to read. Should use bold font instead.,4,missing_actionable_next_step;identifier_heavy_or_missing_item_context;missing_clarification_or_disambiguation;presentation_formatting_noise
part_b_batch_3,21,8ae6239e34515492ba4ea2873f314759,support-0054,shopper,Pass,Fail,Pass,Pass,Pass,Fail,Pass,,missing_actionable_reference: part_b_batch_3 note 53: add a link for the user which can help them to find their orders on their own account.,,,,confusing_or_contradictory_answer: part_b_batch_3 note 52: irrelevant data - snack bag has nothing to do with Coffee.,,2,missing_actionable_next_step;confusing_or_unsupported_answer
part_b_batch_3,22,579aa949ed85ee8cf0ba43aee661764a,support-0237,support,Pass,Pass,Pass,Pass,Pass,Pass,Pass,,,,,,,,0,
part_b_batch_3,23,9e94c136ef865e5fcce260112ecf2e6b,support-0218,support,Pass,Pass,Pass,Pass,Pass,Fail,Pass,,,,,,confusing_or_contradictory_answer: part_b_batch_3 note 56: contradiction to what was said in the beginning of the conversation,,1,confusing_or_unsupported_answer
part_b_batch_3,24,aa6bea5cfcf590cbbb70f1c08ee41002,support-0060,shopper,Pass,Fail,Fail,Pass,Pass,Pass,Pass,,missing_actionable_reference: part_b_batch_3 note 58: add a link for the user which can help them to find their orders on their own account.,"identifier_heavy_or_missing_item_context: part_b_batch_3 note 57: order id is unnecessary detail | part_b_batch_3 note 59: missing information in out output - add picture, link and exact product name of the cancelled order so that user is fully aware",,,,,2,missing_actionable_next_step;identifier_heavy_or_missing_item_context
part_b_batch_3,25,5b4e0043940e5872a5a0e673493117d0,support-0083,merchant,Pass,Fail,Pass,Pass,Pass,Pass,Fail,,missing_actionable_reference: part_b_batch_3 note 60: add a link for the merchant where they can see their store details,,,,,presentation_formatting_noise: part_b_batch_3 note 61: bad formatting - need better table display,2,missing_actionable_next_step;presentation_formatting_noise
part_b_batch_4,1,a71488354ca1baeaf1b21922ea7e2b84,support-0082,merchant,Pass,Fail,Fail,Pass,Pass,Pass,Fail,,missing_actionable_reference: part_b_batch_4 note 03: add a link for the merchant where they can see their store details,identifier_heavy_or_missing_item_context: part_b_batch_4 note 02: missing product name in the order summary,,,,presentation_formatting_noise: part_b_batch_4 note 01: bad formatting - need better table display,3,missing_actionable_next_step;identifier_heavy_or_missing_item_context;presentation_formatting_noise
part_b_batch_4,2,e72f2e0f927f0d0f4bed77be7d0fa900,support-0099,merchant,Pass,Fail,Pass,Fail,Pass,Fail,Pass,,missing_actionable_reference: part_b_batch_4 note 06: add a policy / help center article link the merchant can refer to for refund and return conditions,,unnecessary_detail_overload: part_b_batch_4 note 04: too much information | part_b_batch_4 note 07: too much data,,confusing_or_contradictory_answer: part_b_batch_4 note 08: confusing information - the refund amount is over 100$ by defaullt already. Unclear and contradicting message | unsupported_or_invented_refund_option: part_b_batch_4 note 09: inventing rules - no partial vs full refund rules,,3,missing_actionable_next_step;unnecessary_detail_overload;confusing_or_unsupported_answer
part_b_batch_4,3,b2fde1b344df41182ff60e87ff284c3d,support-0229,merchant,Pass,Pass,Pass,Fail,Pass,Fail,Pass,,,,unnecessary_detail_overload: part_b_batch_4 note 10: unnecessary data and confusing for user | part_b_batch_4 note 11: too much calculation and explanation - these detaiuls can be given per offer from the agent. Not proactively.,,confusing_or_contradictory_answer: part_b_batch_4 note 12: contradicting - authorization is closed by default. Incorrect routing of the help.,,2,unnecessary_detail_overload;confusing_or_unsupported_answer
part_b_batch_4,4,ad5fb2d370221bd63571d0a0e082eb80,support-0141,support,Pass,Fail,Pass,Fail,Pass,Pass,Pass,,missing_actionable_reference: part_b_batch_4 note 14: add policy link for the support user to refer back to the shopper,,unnecessary_detail_overload: part_b_batch_4 note 13: repetitive information which causes overload,,,,2,missing_actionable_next_step;unnecessary_detail_overload
part_b_batch_4,5,d0bb277ed8f0e0b6512dc65c9abfc768,support-0178,merchant,Fail,Fail,Pass,Pass,Pass,Pass,Fail,unhandled_data_quality_or_record_inconsistency: part_b_batch_4 note 18: confusing and contradicting - delivery date is missing but we seem to still offer a date. Vague language is being used.,missing_actionable_reference: part_b_batch_4 note 16: add a link for the policy line for the support to read | missing_human_review_followup_path: part_b_batch_4 note 17: missing information about the follow up. Who will follow up with whom and where it will be followed up is missing.,,,,,presentation_formatting_noise: part_b_batch_4 note 15: no need to use ** marks. Noisy signs that makes it harder to read. Should use bold font instead.,3,unhandled_data_quality_or_record_inconsistency;missing_actionable_next_step;presentation_formatting_noise
part_b_batch_4,6,ea6e3000625f8101f7cb47593fd10c4b,support-0015,shopper,Pass,Fail,Pass,Fail,Pass,Pass,Fail,,missing_actionable_reference: part_b_batch_4 note 20: send user to their recent order link if they want to self-validate. | missing_human_review_followup_path: part_b_batch_4 note 22: follow up is needed for user to approve,,unnecessary_detail_overload: part_b_batch_4 note 21: too much information which are irrelevant and unnecessary,,,presentation_formatting_noise: part_b_batch_4 note 19: no need to use ** marks. Noisy signs that makes it harder to read. Should use bold font instead.,3,missing_actionable_next_step;unnecessary_detail_overload;presentation_formatting_noise
part_b_batch_4,7,8349f54d768a0267670b5d843dee58f9,support-0084,merchant,Pass,Fail,Fail,Fail,Pass,Pass,Fail,,missing_actionable_reference: part_b_batch_4 note 26: send the merchant to an account setting link where they can see their recent store movements.,identifier_heavy_or_missing_item_context: part_b_batch_4 note 24: product name is missing in the data,unnecessary_detail_overload: part_b_batch_4 note 27: unnecessary data,,,presentation_formatting_noise: part_b_batch_4 note 23: bad formatting - need better table display | part_b_batch_4 note 25: no need to use ** marks. Noisy signs that makes it harder to read. Should use bold font instead.,4,missing_actionable_next_step;identifier_heavy_or_missing_item_context;unnecessary_detail_overload;presentation_formatting_noise
part_b_batch_4,8,d91a9655062d3a49c918bd2866005ebc,support-0147,support,Pass,Fail,Pass,Pass,Pass,Pass,Pass,,missing_actionable_reference: part_b_batch_4 note 29: add a link for the policy line for the support to read,,,,,,1,missing_actionable_next_step
part_b_batch_4,9,7a39f43b0cd190cc28686900523affb5,support-0065,shopper,Fail,Fail,Fail,Fail,Pass,Pass,Pass,unhandled_data_quality_or_record_inconsistency: part_b_batch_4 note 32: shipping data is not available,missing_actionable_reference: part_b_batch_4 note 33: send user to their recent order link if they want to self-validate.,identifier_heavy_or_missing_item_context: part_b_batch_4 note 31: order id is unnecessary detail,unnecessary_detail_overload: part_b_batch_4 note 30: too much information - unnecessary details are not needed.,,,,4,unhandled_data_quality_or_record_inconsistency;missing_actionable_next_step;identifier_heavy_or_missing_item_context;unnecessary_detail_overload
part_b_batch_4,10,b06db19fb5a824cebca88263550154d1,support-0089,merchant,Pass,Pass,Pass,Pass,Pass,Pass,Fail,,,,,,,presentation_formatting_noise: part_b_batch_4 note 34: no need to use ** marks. Noisy signs that makes it harder to read. Should use bold font instead.,1,presentation_formatting_noise
part_b_batch_4,11,2a31e4ce7a14e2b600e7baea85676600,support-0124,merchant,Pass,Pass,Pass,Pass,Pass,Pass,Pass,,,,,,,,0,
part_b_batch_4,12,800fec280f9b74181b123b1d06a2f78d,support-0068,shopper,Pass,Fail,Fail,Pass,Pass,Pass,Pass,,missing_actionable_reference: part_b_batch_4 note 38: send a direct link to the order as additional support - supporting evidence is useful to clearify.,identifier_heavy_or_missing_item_context: part_b_batch_4 note 36: order id is unnecessary detail | part_b_batch_4 note 37: refund data is not needed,,,,,2,missing_actionable_next_step;identifier_heavy_or_missing_item_context
part_b_batch_4,13,3e97db1ec16ea5d347fca6da752c388b,support-0064,shopper,Fail,Fail,Fail,Pass,Fail,Pass,Pass,unhandled_data_quality_or_record_inconsistency: part_b_batch_4 note 42: no shipping data visible,missing_actionable_reference: part_b_batch_4 note 40: send user to their recent order link if they want to self-validate.,identifier_heavy_or_missing_item_context: part_b_batch_4 note 39: order id is unnecessary detail - and not helpful\ | part_b_batch_4 note 41: order id is unnecessary detail | part_b_batch_4 note 43: refund data is not needed | part_b_batch_4 note 44: product name is missing in the data,,missing_clarification_or_disambiguation: part_b_batch_4 note 45: inventing a product match and creating more confusion.,,,4,unhandled_data_quality_or_record_inconsistency;missing_actionable_next_step;identifier_heavy_or_missing_item_context;missing_clarification_or_disambiguation
part_b_batch_4,14,1794eb35c6229c24e95219e1f0aec773,support-0155,support,Pass,Fail,Pass,Pass,Pass,Pass,Fail,,missing_actionable_reference: part_b_batch_4 note 47: add a policy / help center article link the support user can refer to,,,,,presentation_formatting_noise: part_b_batch_4 note 48: no need to use ** marks. Noisy signs that makes it harder to read. Should use bold font instead.,2,missing_actionable_next_step;presentation_formatting_noise
part_b_batch_4,15,80ef7b26d661134e6da1f0eaedfdeef6,support-0216,support,Pass,Fail,Pass,Pass,Pass,Pass,Fail,,missing_actionable_reference: part_b_batch_4 note 49: add a link for the user which can help them to find their account details on their own. | part_b_batch_4 note 51: add a policy / help center article link the support user can refer to,,,,,presentation_formatting_noise: part_b_batch_4 note 52: no need to use ** marks. Noisy signs that makes it harder to read. Should use bold font instead.,2,missing_actionable_next_step;presentation_formatting_noise
